operation_id	path	visibility	lane	mutation	output	positionals	flags	aliases	legacy_path	removed_successor
yai.meta.help	help	product	inspection	read_only	structured	[]	[{"aliases": [], "choices": [], "legacy_name": null, "name": "--advanced", "repeatable": false, "required": false, "value_name": null}]	[]	help	-
yai.meta.version	version	product	inspection	read_only	structured	[]	[]	[]	version	-
yai.meta.completion	completion	product	inspection	read_only	structured	[{"choices": ["bash", "zsh", "fish"], "legacy_flag": null, "name": "shell", "required": true}]	[]	[]	completion	-
yai.init	init	product	local_domain	mutating	structured	[]	[{"aliases": [], "choices": [], "legacy_name": null, "name": "--tenant", "repeatable": false, "required": true, "value_name": "TENANT"}, {"aliases": [], "choices": [], "legacy_name": null, "name": "--organization", "repeatable": false, "required": true, "value_name": "ORGANIZATION"}]	[]	security bootstrap-local	-
yai.doctor	doctor	product	inspection	read_only	structured	[]	[]	[]	doctor	-
yai.identity.whoami	identity whoami	product	local_domain	read_only	structured	[]	[]	[]	identity whoami	-
yai.tenant.list	tenant list	product	local_domain	read_only	structured	[]	[]	[]	tenant list	-
yai.tenant.show	tenant show	product	local_domain	read_only	structured	[{"choices": [], "legacy_flag": "--tenant", "name": "tenant", "required": true}]	[]	[["tenant", "status"]]	tenant status	-
yai.tenant.member.add	tenant member add	product	local_domain	mutating	structured	[{"choices": [], "legacy_flag": "--tenant", "name": "tenant", "required": true}]	[{"aliases": [], "choices": [], "legacy_name": null, "name": "--principal", "repeatable": false, "required": true, "value_name": "PRINCIPAL"}]	[]	tenant add-member	-
yai.case.create	case create	product	local_domain	mutating	structured	[{"choices": [], "legacy_flag": "--case", "name": "case", "required": true}]	[{"aliases": [], "choices": [], "legacy_name": null, "name": "--tenant", "repeatable": false, "required": true, "value_name": "TENANT"}]	[]	case create	-
yai.case.list	case list	product	local_domain	read_only	structured	[]	[{"aliases": [], "choices": [], "legacy_name": null, "name": "--tenant", "repeatable": false, "required": false, "value_name": "TENANT"}]	[]	case list	-
yai.case.show	case show	product	local_domain	read_only	structured	[{"choices": [], "legacy_flag": "--case", "name": "case", "required": true}]	[]	[["case", "status"]]	case status	-
yai.case.run	case run	product	local_domain	mutating	structured	[{"choices": [], "legacy_flag": "--case", "name": "case", "required": true}]	[{"aliases": ["--subject"], "choices": [], "legacy_name": "--subject", "name": "--participant", "repeatable": false, "required": true, "value_name": "PARTICIPANT"}, {"aliases": ["--attachment"], "choices": [], "legacy_name": "--attachment", "name": "--resource", "repeatable": false, "required": true, "value_name": "RESOURCE"}, {"aliases": [], "choices": [], "legacy_name": null, "name": "--prompt", "repeatable": false, "required": true, "value_name": "TASK"}, {"aliases": [], "choices": [], "legacy_name": null, "name": "--max-invocations", "repeatable": false, "required": false, "value_name": "N"}, {"aliases": [], "choices": [], "legacy_name": null, "name": "--max-operations", "repeatable": false, "required": false, "value_name": "N"}, {"aliases": [], "choices": [], "legacy_name": null, "name": "--max-semantic-units", "repeatable": false, "required": false, "value_name": "N"}, {"aliases": [], "choices": [], "legacy_name": null, "name": "--max-estimated-input-units", "repeatable": false, "required": false, "value_name": "N"}, {"aliases": [], "choices": [], "legacy_name": null, "name": "--max-resident-items", "repeatable": false, "required": false, "value_name": "N"}, {"aliases": [], "choices": [], "legacy_name": null, "name": "--max-provider-retries", "repeatable": false, "required": false, "value_name": "N"}, {"aliases": [], "choices": [], "legacy_name": null, "name": "--max-runtime-ms", "repeatable": false, "required": false, "value_name": "N"}, {"aliases": [], "choices": [], "legacy_name": null, "name": "--stop-on-deny", "repeatable": false, "required": false, "value_name": null}, {"aliases": [], "choices": [], "legacy_name": null, "name": "--continue-after-malformed", "repeatable": false, "required": false, "value_name": null}, {"aliases": [], "choices": [], "legacy_name": null, "name": "--failpoint", "repeatable": false, "required": false, "value_name": "FAILPOINT"}]	[]	case run	-
yai.case.resume	case resume	product	local_domain	mutating	structured	[{"choices": [], "legacy_flag": "--case", "name": "case", "required": true}]	[{"aliases": [], "choices": [], "legacy_name": null, "name": "--max-invocations", "repeatable": false, "required": false, "value_name": "N"}, {"aliases": [], "choices": [], "legacy_name": null, "name": "--max-operations", "repeatable": false, "required": false, "value_name": "N"}, {"aliases": [], "choices": [], "legacy_name": null, "name": "--max-semantic-units", "repeatable": false, "required": false, "value_name": "N"}, {"aliases": [], "choices": [], "legacy_name": null, "name": "--max-estimated-input-units", "repeatable": false, "required": false, "value_name": "N"}, {"aliases": [], "choices": [], "legacy_name": null, "name": "--max-resident-items", "repeatable": false, "required": false, "value_name": "N"}, {"aliases": [], "choices": [], "legacy_name": null, "name": "--max-provider-retries", "repeatable": false, "required": false, "value_name": "N"}, {"aliases": [], "choices": [], "legacy_name": null, "name": "--max-runtime-ms", "repeatable": false, "required": false, "value_name": "N"}, {"aliases": [], "choices": [], "legacy_name": null, "name": "--stop-on-deny", "repeatable": false, "required": false, "value_name": null}, {"aliases": [], "choices": [], "legacy_name": null, "name": "--continue-after-malformed", "repeatable": false, "required": false, "value_name": null}, {"aliases": [], "choices": [], "legacy_name": null, "name": "--failpoint", "repeatable": false, "required": false, "value_name": "FAILPOINT"}]	[]	case resume	-
yai.case.stop	case stop	product	local_domain	mutating	structured	[{"choices": [], "legacy_flag": "--case", "name": "case", "required": true}]	[]	[]	case stop	-
yai.case.cancel	case cancel	product	local_domain	mutating	structured	[{"choices": [], "legacy_flag": "--case", "name": "case", "required": true}]	[{"aliases": [], "choices": [], "legacy_name": null, "name": "--reason", "repeatable": false, "required": true, "value_name": "REASON"}, {"aliases": [], "choices": [], "legacy_name": null, "name": "--as", "repeatable": false, "required": false, "value_name": "PRINCIPAL"}]	[]	case cancel	-
yai.case.close	case close	product	local_domain	mutating	structured	[{"choices": [], "legacy_flag": "--case", "name": "case", "required": true}]	[{"aliases": [], "choices": [], "legacy_name": null, "name": "--reason", "repeatable": false, "required": true, "value_name": "REASON"}, {"aliases": [], "choices": [], "legacy_name": null, "name": "--as", "repeatable": false, "required": false, "value_name": "PRINCIPAL"}]	[]	case close	-
yai.case.participant.role.add	case participant role add	product	local_domain	mutating	structured	[{"choices": [], "legacy_flag": "--case", "name": "case", "required": true}]	[{"aliases": [], "choices": [], "legacy_name": null, "name": "--participant", "repeatable": false, "required": true, "value_name": "PARTICIPANT"}, {"aliases": [], "choices": [], "legacy_name": null, "name": "--role", "repeatable": false, "required": true, "value_name": "ROLE"}]	[["case", "bind-participant-role"]]	case bind-participant-role	-
yai.case.participant.link_principal	case participant link-principal	product	local_domain	mutating	structured	[{"choices": [], "legacy_flag": "--case", "name": "case", "required": true}]	[{"aliases": [], "choices": [], "legacy_name": null, "name": "--principal", "repeatable": false, "required": true, "value_name": "PRINCIPAL"}, {"aliases": [], "choices": [], "legacy_name": null, "name": "--participant", "repeatable": false, "required": true, "value_name": "PARTICIPANT"}]	[["case", "principal", "link"]]	case principal link	-
yai.case.participant.list	case participant list	product	local_domain	read_only	structured	[{"choices": [], "legacy_flag": "--case", "name": "case", "required": true}]	[]	[]	case participant list	-
yai.case.provider.attach	case provider attach	product	local_domain	mutating	structured	[{"choices": [], "legacy_flag": "--case", "name": "case", "required": true}]	[{"aliases": ["--subject"], "choices": [], "legacy_name": "--subject", "name": "--participant", "repeatable": false, "required": true, "value_name": "PARTICIPANT"}, {"aliases": ["--base-url"], "choices": [], "legacy_name": "--base-url", "name": "--endpoint", "repeatable": false, "required": true, "value_name": "URL"}, {"aliases": [], "choices": [], "legacy_name": null, "name": "--model", "repeatable": false, "required": true, "value_name": "MODEL"}, {"aliases": ["--provider-id"], "choices": [], "legacy_name": "--provider-id", "name": "--provider", "repeatable": false, "required": false, "value_name": "PROVIDER"}, {"aliases": [], "choices": [], "legacy_name": null, "name": "--api-key-env", "repeatable": false, "required": false, "value_name": "ENV"}, {"aliases": [], "choices": [], "legacy_name": null, "name": "--shell", "repeatable": false, "required": false, "value_name": "SHELL"}, {"aliases": [], "choices": [], "legacy_name": null, "name": "--provider-runtime-id", "repeatable": false, "required": false, "value_name": "ID"}, {"aliases": [], "choices": [], "legacy_name": null, "name": "--continuation-ref", "repeatable": false, "required": false, "value_name": "REF"}, {"aliases": [], "choices": [], "legacy_name": null, "name": "--continuation-capable", "repeatable": false, "required": false, "value_name": null}]	[["case", "attach-provider"]]	case attach-provider	-
yai.case.resource.attach_filesystem	case resource attach filesystem	product	local_domain	mutating	structured	[{"choices": [], "legacy_flag": "--case", "name": "case", "required": true}]	[{"aliases": ["--attachment"], "choices": [], "legacy_name": "--attachment", "name": "--resource", "repeatable": false, "required": true, "value_name": "RESOURCE"}, {"aliases": [], "choices": [], "legacy_name": null, "name": "--root", "repeatable": false, "required": true, "value_name": "DIR"}, {"aliases": [], "choices": [], "legacy_name": null, "name": "--allow-prefix", "repeatable": false, "required": true, "value_name": "RELATIVE_DIR"}, {"aliases": [], "choices": [], "legacy_name": null, "name": "--policy-owner", "repeatable": false, "required": true, "value_name": "PARTICIPANT"}, {"aliases": [], "choices": [], "legacy_name": null, "name": "--require-review", "repeatable": false, "required": false, "value_name": null}, {"aliases": [], "choices": [], "legacy_name": null, "name": "--policy-id", "repeatable": false, "required": false, "value_name": "POLICY"}, {"aliases": [], "choices": [], "legacy_name": null, "name": "--max-bytes", "repeatable": false, "required": false, "value_name": "N"}]	[["case", "attach-filesystem"]]	case attach-filesystem	-
yai.case.resource.attach_process	case resource attach process	product	local_domain	mutating	structured	[{"choices": [], "legacy_flag": "--case", "name": "case", "required": true}]	[{"aliases": ["--attachment"], "choices": [], "legacy_name": "--attachment", "name": "--resource", "repeatable": false, "required": true, "value_name": "RESOURCE"}, {"aliases": [], "choices": [], "legacy_name": null, "name": "--pid", "repeatable": false, "required": true, "value_name": "PID"}, {"aliases": [], "choices": [], "legacy_name": null, "name": "--policy-owner", "repeatable": false, "required": true, "value_name": "PARTICIPANT"}, {"aliases": [], "choices": [], "legacy_name": null, "name": "--actions", "repeatable": false, "required": false, "value_name": "ACTIONS"}, {"aliases": [], "choices": [], "legacy_name": null, "name": "--require-review", "repeatable": false, "required": false, "value_name": null}, {"aliases": [], "choices": [], "legacy_name": null, "name": "--policy-id", "repeatable": false, "required": false, "value_name": "POLICY"}]	[["case", "attach-process"]]	case attach-process	-
yai.case.resource.list	case resource list	product	local_domain	read_only	structured	[{"choices": [], "legacy_flag": "--case", "name": "case", "required": true}]	[]	[]	case resource list	-
yai.case.policy.bind	case policy bind	product	local_domain	mutating	structured	[{"choices": [], "legacy_flag": "--case", "name": "case", "required": true}]	[{"aliases": [], "choices": [], "legacy_name": null, "name": "--artifact", "repeatable": false, "required": true, "value_name": "POLICY"}, {"aliases": [], "choices": [], "legacy_name": null, "name": "--reason", "repeatable": false, "required": false, "value_name": "REASON"}, {"aliases": [], "choices": [], "legacy_name": null, "name": "--expected-generation", "repeatable": false, "required": false, "value_name": "N"}, {"aliases": [], "choices": [], "legacy_name": null, "name": "--as", "repeatable": false, "required": false, "value_name": "PRINCIPAL"}]	[]	case policy bind	-
yai.case.policy.replace	case policy replace	product	local_domain	mutating	structured	[{"choices": [], "legacy_flag": "--case", "name": "case", "required": true}]	[{"aliases": [], "choices": [], "legacy_name": null, "name": "--binding", "repeatable": false, "required": true, "value_name": "BINDING"}, {"aliases": [], "choices": [], "legacy_name": null, "name": "--artifact", "repeatable": false, "required": true, "value_name": "POLICY"}, {"aliases": [], "choices": [], "legacy_name": null, "name": "--reason", "repeatable": false, "required": false, "value_name": "REASON"}, {"aliases": [], "choices": [], "legacy_name": null, "name": "--expected-generation", "repeatable": false, "required": false, "value_name": "N"}, {"aliases": [], "choices": [], "legacy_name": null, "name": "--as", "repeatable": false, "required": false, "value_name": "PRINCIPAL"}]	[]	case policy replace	-
yai.case.policy.unbind	case policy unbind	product	local_domain	mutating	structured	[{"choices": [], "legacy_flag": "--case", "name": "case", "required": true}]	[{"aliases": [], "choices": [], "legacy_name": null, "name": "--binding", "repeatable": false, "required": true, "value_name": "BINDING"}, {"aliases": [], "choices": [], "legacy_name": null, "name": "--reason", "repeatable": false, "required": true, "value_name": "REASON"}, {"aliases": [], "choices": [], "legacy_name": null, "name": "--expected-generation", "repeatable": false, "required": false, "value_name": "N"}, {"aliases": [], "choices": [], "legacy_name": null, "name": "--as", "repeatable": false, "required": false, "value_name": "PRINCIPAL"}]	[]	case policy unbind	-
yai.case.policy.show	case policy show	product	local_domain	read_only	structured	[{"choices": [], "legacy_flag": "--case", "name": "case", "required": true}]	[]	[["case", "policy", "status"]]	case policy status	-
yai.case.policy.rebuild	case policy rebuild	advanced	local_domain	mutating	plain_compat	[]	[{"aliases": [], "choices": [], "legacy_name": null, "name": "--case", "repeatable": false, "required": true, "value_name": "CASE"}]	[]	case policy rebuild	-
yai.workflow.define	workflow define	product	local_domain	mutating	structured	[]	[{"aliases": [], "choices": [], "legacy_name": null, "name": "--tenant", "repeatable": false, "required": true, "value_name": "TENANT"}, {"aliases": [], "choices": [], "legacy_name": null, "name": "--file", "repeatable": false, "required": true, "value_name": "FILE"}]	[]	workflow define	-
yai.workflow.list	workflow list	product	local_domain	read_only	structured	[]	[{"aliases": [], "choices": [], "legacy_name": null, "name": "--tenant", "repeatable": false, "required": true, "value_name": "TENANT"}]	[]	workflow list	-
yai.workflow.show	workflow show	product	local_domain	read_only	structured	[{"choices": [], "legacy_flag": null, "name": "definition", "required": true}]	[]	[]	workflow show	-
yai.workflow.bind	workflow bind	product	local_domain	mutating	structured	[{"choices": [], "legacy_flag": "--case", "name": "case", "required": true}]	[{"aliases": [], "choices": [], "legacy_name": null, "name": "--definition", "repeatable": false, "required": true, "value_name": "DEFINITION"}, {"aliases": [], "choices": [], "legacy_name": null, "name": "--executor", "repeatable": true, "required": false, "value_name": "SLOT=PARTICIPANT"}, {"aliases": [], "choices": [], "legacy_name": null, "name": "--resource", "repeatable": true, "required": false, "value_name": "SLOT=RESOURCE"}]	[]	workflow bind	-
yai.workflow.status	workflow status	product	local_domain	read_only	structured	[{"choices": [], "legacy_flag": "--case", "name": "case", "required": true}]	[]	[]	workflow status	-
yai.workflow.input	workflow input	product	local_domain	mutating	structured	[{"choices": [], "legacy_flag": "--case", "name": "case", "required": true}]	[{"aliases": [], "choices": [], "legacy_name": null, "name": "--node", "repeatable": false, "required": true, "value_name": "NODE"}, {"aliases": [], "choices": [], "legacy_name": null, "name": "--value", "repeatable": false, "required": true, "value_name": "VALUE"}]	[]	workflow input	-
yai.review.pending	review pending	product	local_domain	read_only	structured	[]	[{"aliases": [], "choices": [], "legacy_name": null, "name": "--case", "repeatable": false, "required": true, "value_name": "CASE"}]	[]	review pending	-
yai.review.show	review show	product	local_domain	read_only	structured	[{"choices": [], "legacy_flag": null, "name": "review", "required": true}]	[{"aliases": [], "choices": [], "legacy_name": null, "name": "--case", "repeatable": false, "required": true, "value_name": "CASE"}]	[]	review show	-
yai.review.approve	review approve	product	local_domain	mutating	structured	[{"choices": [], "legacy_flag": null, "name": "review", "required": true}]	[{"aliases": [], "choices": [], "legacy_name": null, "name": "--case", "repeatable": false, "required": true, "value_name": "CASE"}, {"aliases": [], "choices": [], "legacy_name": null, "name": "--reason", "repeatable": false, "required": true, "value_name": "REASON"}, {"aliases": [], "choices": [], "legacy_name": null, "name": "--as", "repeatable": false, "required": false, "value_name": "PRINCIPAL"}, {"aliases": [], "choices": [], "legacy_name": null, "name": "--failpoint", "repeatable": false, "required": false, "value_name": "FAILPOINT"}]	[]	review approve	-
yai.review.deny	review deny	product	local_domain	mutating	structured	[{"choices": [], "legacy_flag": null, "name": "review", "required": true}]	[{"aliases": [], "choices": [], "legacy_name": null, "name": "--case", "repeatable": false, "required": true, "value_name": "CASE"}, {"aliases": [], "choices": [], "legacy_name": null, "name": "--reason", "repeatable": false, "required": true, "value_name": "REASON"}, {"aliases": [], "choices": [], "legacy_name": null, "name": "--as", "repeatable": false, "required": false, "value_name": "PRINCIPAL"}, {"aliases": [], "choices": [], "legacy_name": null, "name": "--failpoint", "repeatable": false, "required": false, "value_name": "FAILPOINT"}]	[]	review deny	-
yai.review.defer	review defer	product	local_domain	mutating	structured	[{"choices": [], "legacy_flag": null, "name": "review", "required": true}]	[{"aliases": [], "choices": [], "legacy_name": null, "name": "--case", "repeatable": false, "required": true, "value_name": "CASE"}, {"aliases": [], "choices": [], "legacy_name": null, "name": "--reason", "repeatable": false, "required": true, "value_name": "REASON"}, {"aliases": [], "choices": [], "legacy_name": null, "name": "--as", "repeatable": false, "required": false, "value_name": "PRINCIPAL"}, {"aliases": [], "choices": [], "legacy_name": null, "name": "--failpoint", "repeatable": false, "required": false, "value_name": "FAILPOINT"}]	[]	review defer	-
yai.policy.ingest	policy ingest	product	local_domain	mutating	structured	[{"choices": [], "legacy_flag": null, "name": "source", "required": true}]	[{"aliases": [], "choices": [], "legacy_name": null, "name": "--tenant", "repeatable": false, "required": true, "value_name": "TENANT"}, {"aliases": [], "choices": [], "legacy_name": null, "name": "--as", "repeatable": false, "required": false, "value_name": "PRINCIPAL"}]	[]	policy ingest	-
yai.policy.show	policy show	product	local_domain	read_only	structured	[{"choices": [], "legacy_flag": null, "name": "policy", "required": true}]	[{"aliases": [], "choices": [], "legacy_name": null, "name": "--tenant", "repeatable": false, "required": false, "value_name": "TENANT"}]	[["policy", "inspect"]]	policy inspect	-
yai.policy.validate	policy validate	product	local_domain	mutating	structured	[{"choices": [], "legacy_flag": null, "name": "policy", "required": true}]	[{"aliases": [], "choices": [], "legacy_name": null, "name": "--reason", "repeatable": false, "required": false, "value_name": "REASON"}, {"aliases": [], "choices": [], "legacy_name": null, "name": "--as", "repeatable": false, "required": false, "value_name": "PRINCIPAL"}]	[]	policy validate	-
yai.policy.publish	policy publish	product	local_domain	mutating	structured	[{"choices": [], "legacy_flag": null, "name": "policy", "required": true}]	[{"aliases": [], "choices": [], "legacy_name": null, "name": "--reason", "repeatable": false, "required": false, "value_name": "REASON"}, {"aliases": [], "choices": [], "legacy_name": null, "name": "--as", "repeatable": false, "required": false, "value_name": "PRINCIPAL"}]	[]	policy publish	-
yai.policy.retire	policy retire	product	local_domain	mutating	structured	[{"choices": [], "legacy_flag": null, "name": "policy", "required": true}]	[{"aliases": [], "choices": [], "legacy_name": null, "name": "--reason", "repeatable": false, "required": true, "value_name": "REASON"}, {"aliases": [], "choices": [], "legacy_name": null, "name": "--as", "repeatable": false, "required": false, "value_name": "PRINCIPAL"}]	[]	policy retire	-
yai.policy.revoke	policy revoke	product	local_domain	mutating	structured	[{"choices": [], "legacy_flag": null, "name": "policy", "required": true}]	[{"aliases": [], "choices": [], "legacy_name": null, "name": "--reason", "repeatable": false, "required": true, "value_name": "REASON"}, {"aliases": [], "choices": [], "legacy_name": null, "name": "--as", "repeatable": false, "required": false, "value_name": "PRINCIPAL"}]	[]	policy revoke	-
yai.policy.list	policy list	product	local_domain	read_only	structured	[]	[{"aliases": [], "choices": [], "legacy_name": null, "name": "--tenant", "repeatable": false, "required": true, "value_name": "TENANT"}]	[]	policy list	-
yai.runtime.serve	runtime serve	product	runtime_host	long_running	structured	[]	[{"aliases": [], "choices": [], "legacy_name": null, "name": "--workers", "repeatable": false, "required": false, "value_name": "N"}, {"aliases": [], "choices": [], "legacy_name": null, "name": "--max-active-per-tenant", "repeatable": false, "required": false, "value_name": "N"}, {"aliases": [], "choices": [], "legacy_name": null, "name": "--max-queued-per-tenant", "repeatable": false, "required": false, "value_name": "N"}, {"aliases": [], "choices": [], "legacy_name": null, "name": "--max-queued-total", "repeatable": false, "required": false, "value_name": "N"}, {"aliases": [], "choices": [], "legacy_name": null, "name": "--startup-dispatch-delay-ms", "repeatable": false, "required": false, "value_name": "N"}, {"aliases": [], "choices": [], "legacy_name": null, "name": "--workflow-work-failpoint", "repeatable": false, "required": false, "value_name": "FAILPOINT"}, {"aliases": [], "choices": [], "legacy_name": null, "name": "--failpoint", "repeatable": false, "required": false, "value_name": "FAILPOINT"}]	[]	runtime serve	-
yai.runtime.status	runtime status	product	runtime_control	read_only	structured	[]	[]	[]	runtime status	-
yai.runtime.queue	runtime queue	product	runtime_control	read_only	structured	[]	[{"aliases": [], "choices": [], "legacy_name": null, "name": "--all", "repeatable": false, "required": false, "value_name": null}]	[]	runtime queue	-
yai.runtime.stop	runtime stop	product	runtime_control	mutating	structured	[]	[]	[]	runtime stop	-
yai.security.bootstrap_local	security bootstrap-local	advanced	local_domain	mutating	plain_compat	[]	[{"aliases": [], "choices": [], "legacy_name": null, "name": "--tenant", "repeatable": false, "required": true, "value_name": "TENANT"}, {"aliases": [], "choices": [], "legacy_name": null, "name": "--organization", "repeatable": false, "required": true, "value_name": "ORGANIZATION"}]	[]	security bootstrap-local	-
yai.case.enter	case enter	advanced	local_interactive	read_only	plain_compat	[]	[{"aliases": [], "choices": [], "legacy_name": null, "name": "--case", "repeatable": false, "required": true, "value_name": "CASE"}, {"aliases": ["--subject"], "choices": [], "legacy_name": "--subject", "name": "--participant", "repeatable": false, "required": true, "value_name": "PARTICIPANT"}, {"aliases": [], "choices": ["model", "operator", "audit", "debug", "agent"], "legacy_name": null, "name": "--consumer", "repeatable": false, "required": false, "value_name": "VALUE"}, {"aliases": [], "choices": [], "legacy_name": null, "name": "--kind", "repeatable": false, "required": false, "value_name": "KIND"}, {"aliases": [], "choices": [], "legacy_name": null, "name": "--shell", "repeatable": false, "required": false, "value_name": "SHELL"}]	[]	case enter	-
yai.runtime.submit	runtime submit	advanced	runtime_control	mutating	plain_compat	[]	[{"aliases": [], "choices": [], "legacy_name": null, "name": "--tenant", "repeatable": false, "required": true, "value_name": "TENANT"}, {"aliases": [], "choices": [], "legacy_name": null, "name": "--case", "repeatable": false, "required": true, "value_name": "CASE"}, {"aliases": [], "choices": [], "legacy_name": null, "name": "--subject", "repeatable": false, "required": true, "value_name": "PARTICIPANT"}, {"aliases": [], "choices": [], "legacy_name": null, "name": "--attachment", "repeatable": false, "required": true, "value_name": "RESOURCE"}, {"aliases": [], "choices": [], "legacy_name": null, "name": "--prompt", "repeatable": false, "required": true, "value_name": "TASK"}, {"aliases": [], "choices": [], "legacy_name": null, "name": "--idempotency-key", "repeatable": false, "required": false, "value_name": "KEY"}, {"aliases": [], "choices": [], "legacy_name": null, "name": "--max-invocations", "repeatable": false, "required": false, "value_name": "N"}, {"aliases": [], "choices": [], "legacy_name": null, "name": "--max-operations", "repeatable": false, "required": false, "value_name": "N"}, {"aliases": [], "choices": [], "legacy_name": null, "name": "--max-semantic-units", "repeatable": false, "required": false, "value_name": "N"}, {"aliases": [], "choices": [], "legacy_name": null, "name": "--max-resident-items", "repeatable": false, "required": false, "value_name": "N"}, {"aliases": [], "choices": [], "legacy_name": null, "name": "--max-estimated-input-units", "repeatable": false, "required": false, "value_name": "N"}, {"aliases": [], "choices": [], "legacy_name": null, "name": "--max-provider-retries", "repeatable": false, "required": false, "value_name": "N"}, {"aliases": [], "choices": [], "legacy_name": null, "name": "--max-runtime-ms", "repeatable": false, "required": false, "value_name": "N"}, {"aliases": [], "choices": [], "legacy_name": null, "name": "--stop-on-deny", "repeatable": false, "required": false, "value_name": null}, {"aliases": [], "choices": [], "legacy_name": null, "name": "--continue-after-malformed", "repeatable": false, "required": false, "value_name": null}, {"aliases": [], "choices": [], "legacy_name": null, "name": "--failpoint", "repeatable": false, "required": false, "value_name": "FAILPOINT"}]	[]	runtime submit	-
yai.effect.filesystem_write	effect filesystem-write	advanced	local_domain	mutating	plain_compat	[]	[{"aliases": [], "choices": [], "legacy_name": null, "name": "--case", "repeatable": false, "required": true, "value_name": "CASE"}, {"aliases": [], "choices": [], "legacy_name": null, "name": "--subject", "repeatable": false, "required": true, "value_name": "PARTICIPANT"}, {"aliases": [], "choices": [], "legacy_name": null, "name": "--attachment", "repeatable": false, "required": true, "value_name": "RESOURCE"}, {"aliases": [], "choices": [], "legacy_name": null, "name": "--prompt", "repeatable": false, "required": true, "value_name": "TASK"}, {"aliases": [], "choices": [], "legacy_name": null, "name": "--base-url", "repeatable": false, "required": true, "value_name": "URL"}, {"aliases": [], "choices": [], "legacy_name": null, "name": "--model", "repeatable": false, "required": true, "value_name": "MODEL"}, {"aliases": [], "choices": [], "legacy_name": null, "name": "--provider-id", "repeatable": false, "required": false, "value_name": "PROVIDER"}, {"aliases": [], "choices": [], "legacy_name": null, "name": "--api-key-env", "repeatable": false, "required": false, "value_name": "ENV"}, {"aliases": [], "choices": [], "legacy_name": null, "name": "--provider-runtime-id", "repeatable": false, "required": false, "value_name": "ID"}, {"aliases": [], "choices": [], "legacy_name": null, "name": "--continuation-ref", "repeatable": false, "required": false, "value_name": "REF"}, {"aliases": [], "choices": [], "legacy_name": null, "name": "--continuation-capable", "repeatable": false, "required": false, "value_name": null}, {"aliases": [], "choices": [], "legacy_name": null, "name": "--second-base-url", "repeatable": false, "required": false, "value_name": "URL"}, {"aliases": [], "choices": [], "legacy_name": null, "name": "--second-provider-id", "repeatable": false, "required": false, "value_name": "PROVIDER"}, {"aliases": [], "choices": [], "legacy_name": null, "name": "--second-model", "repeatable": false, "required": false, "value_name": "MODEL"}, {"aliases": [], "choices": [], "legacy_name": null, "name": "--inject-derived-failure", "repeatable": false, "required": false, "value_name": null}, {"aliases": [], "choices": [], "legacy_name": null, "name": "--failpoint", "repeatable": false, "required": false, "value_name": "FAILPOINT"}]	[]	effect filesystem-write	-
yai.effect.process_signal	effect process-signal	advanced	local_domain	mutating	plain_compat	[]	[{"aliases": [], "choices": [], "legacy_name": null, "name": "--case", "repeatable": false, "required": true, "value_name": "CASE"}, {"aliases": [], "choices": [], "legacy_name": null, "name": "--subject", "repeatable": false, "required": true, "value_name": "PARTICIPANT"}, {"aliases": [], "choices": [], "legacy_name": null, "name": "--attachment", "repeatable": false, "required": true, "value_name": "RESOURCE"}, {"aliases": [], "choices": [], "legacy_name": null, "name": "--prompt", "repeatable": false, "required": true, "value_name": "TASK"}, {"aliases": [], "choices": [], "legacy_name": null, "name": "--base-url", "repeatable": false, "required": true, "value_name": "URL"}, {"aliases": [], "choices": [], "legacy_name": null, "name": "--model", "repeatable": false, "required": true, "value_name": "MODEL"}, {"aliases": [], "choices": [], "legacy_name": null, "name": "--provider-id", "repeatable": false, "required": false, "value_name": "PROVIDER"}, {"aliases": [], "choices": [], "legacy_name": null, "name": "--api-key-env", "repeatable": false, "required": false, "value_name": "ENV"}, {"aliases": [], "choices": [], "legacy_name": null, "name": "--provider-runtime-id", "repeatable": false, "required": false, "value_name": "ID"}, {"aliases": [], "choices": [], "legacy_name": null, "name": "--continuation-ref", "repeatable": false, "required": false, "value_name": "REF"}, {"aliases": [], "choices": [], "legacy_name": null, "name": "--continuation-capable", "repeatable": false, "required": false, "value_name": null}, {"aliases": [], "choices": [], "legacy_name": null, "name": "--inject-derived-failure", "repeatable": false, "required": false, "value_name": null}, {"aliases": [], "choices": [], "legacy_name": null, "name": "--failpoint", "repeatable": false, "required": false, "value_name": "FAILPOINT"}]	[]	effect process-signal	-
yai.effect.reconcile	effect reconcile	advanced	local_domain	mutating	plain_compat	[]	[{"aliases": [], "choices": [], "legacy_name": null, "name": "--case", "repeatable": false, "required": true, "value_name": "CASE"}, {"aliases": [], "choices": [], "legacy_name": null, "name": "--effect", "repeatable": false, "required": false, "value_name": "EFFECT"}, {"aliases": [], "choices": [], "legacy_name": null, "name": "--retry", "repeatable": false, "required": false, "value_name": null}]	[]	effect reconcile	-
yai.effect.inspect	effect inspect	advanced	inspection	read_only	plain_compat	[]	[{"aliases": [], "choices": [], "legacy_name": null, "name": "--case", "repeatable": false, "required": true, "value_name": "CASE"}, {"aliases": [], "choices": [], "legacy_name": null, "name": "--effect", "repeatable": false, "required": true, "value_name": "EFFECT"}]	[]	effect inspect	-
yai.prompt	prompt	advanced	local_interactive	mutating	plain_compat	[]	[{"aliases": [], "choices": [], "legacy_name": null, "name": "--once", "repeatable": false, "required": false, "value_name": "TEXT"}, {"aliases": [], "choices": [], "legacy_name": null, "name": "--dry-run", "repeatable": false, "required": false, "value_name": null}, {"aliases": [], "choices": ["auto", "none"], "legacy_name": null, "name": "--language-mode", "repeatable": false, "required": false, "value_name": "VALUE"}, {"aliases": [], "choices": [], "legacy_name": null, "name": "--case", "repeatable": false, "required": false, "value_name": "CASE"}, {"aliases": [], "choices": [], "legacy_name": null, "name": "--subject", "repeatable": false, "required": false, "value_name": "PARTICIPANT"}, {"aliases": [], "choices": [], "legacy_name": null, "name": "--provider-id", "repeatable": false, "required": false, "value_name": "PROVIDER"}, {"aliases": [], "choices": [], "legacy_name": null, "name": "--base-url", "repeatable": false, "required": false, "value_name": "URL"}, {"aliases": [], "choices": [], "legacy_name": null, "name": "--model", "repeatable": false, "required": false, "value_name": "MODEL"}, {"aliases": [], "choices": [], "legacy_name": null, "name": "--api-key-env", "repeatable": false, "required": false, "value_name": "ENV"}, {"aliases": [], "choices": [], "legacy_name": null, "name": "--continuation-capable", "repeatable": false, "required": false, "value_name": null}, {"aliases": [], "choices": [], "legacy_name": null, "name": "--provider-runtime-id", "repeatable": false, "required": false, "value_name": "ID"}, {"aliases": [], "choices": [], "legacy_name": null, "name": "--continuation-ref", "repeatable": false, "required": false, "value_name": "REF"}]	[]	prompt	-
yai.info	info	compatibility	compatibility	read_only	plain_compat	[]	[]	[]	info	-
yai.store.status	store status	plumbing	inspection	read_only	plain_compat	[]	[]	[]	store status	-
yai.store.summary	store summary	plumbing	inspection	read_only	plain_compat	[]	[]	[]	store summary	-
yai.store.record.get	store record get	plumbing	inspection	read_only	plain_compat	[{"choices": [], "legacy_flag": null, "name": "record", "required": true}]	[]	[]	store record get	-
yai.store.record.list	store record list	plumbing	inspection	read_only	plain_compat	[]	[{"aliases": [], "choices": [], "legacy_name": null, "name": "--case", "repeatable": false, "required": false, "value_name": "CASE"}, {"aliases": [], "choices": [], "legacy_name": null, "name": "--kind", "repeatable": false, "required": false, "value_name": "KIND"}, {"aliases": [], "choices": [], "legacy_name": null, "name": "--subject", "repeatable": false, "required": false, "value_name": "SUBJECT"}, {"aliases": [], "choices": [], "legacy_name": null, "name": "--receipt", "repeatable": false, "required": false, "value_name": "RECEIPT"}, {"aliases": [], "choices": [], "legacy_name": null, "name": "--limit", "repeatable": false, "required": false, "value_name": "N"}]	[]	store record list	-
yai.store.tail	store tail	plumbing	compatibility	mutating	plain_compat	[]	[{"aliases": [], "choices": [], "legacy_name": null, "name": "--journal", "repeatable": false, "required": true, "value_name": "FILE"}]	[]	store tail	-
yai.journal.inspect	journal inspect	compatibility	compatibility	read_only	plain_compat	[]	[{"aliases": [], "choices": [], "legacy_name": null, "name": "--path", "repeatable": false, "required": true, "value_name": "FILE"}, {"aliases": [], "choices": [], "legacy_name": null, "name": "--show-errors", "repeatable": false, "required": false, "value_name": null}]	[]	journal inspect	-
yai.journal.compatibility_inspect	journal compatibility-inspect	compatibility	compatibility	read_only	plain_compat	[]	[{"aliases": [], "choices": [], "legacy_name": null, "name": "--path", "repeatable": false, "required": true, "value_name": "FILE"}]	[]	journal compatibility-inspect	-
yai.journal.compatibility_import	journal compatibility-import	compatibility	compatibility	mutating	plain_compat	[]	[{"aliases": [], "choices": [], "legacy_name": null, "name": "--path", "repeatable": false, "required": true, "value_name": "FILE"}, {"aliases": [], "choices": [], "legacy_name": null, "name": "--target", "repeatable": false, "required": true, "value_name": "DIR"}, {"aliases": [], "choices": [], "legacy_name": null, "name": "--dry-run", "repeatable": false, "required": false, "value_name": null}]	[]	journal compatibility-import	-
yai.journal.replay	journal replay	compatibility	compatibility	mutating	plain_compat	[]	[{"aliases": [], "choices": [], "legacy_name": null, "name": "--path", "repeatable": false, "required": true, "value_name": "FILE"}, {"aliases": [], "choices": [], "legacy_name": null, "name": "--dry-run", "repeatable": false, "required": false, "value_name": null}]	[]	journal replay	-
yai.journal.replay_status	journal replay-status	compatibility	compatibility	read_only	plain_compat	[]	[{"aliases": [], "choices": [], "legacy_name": null, "name": "--path", "repeatable": false, "required": true, "value_name": "FILE"}]	[]	journal replay-status	-
yai.journal.replay_report	journal replay-report	compatibility	compatibility	read_only	plain_compat	[]	[{"aliases": [], "choices": [], "legacy_name": null, "name": "--path", "repeatable": false, "required": true, "value_name": "FILE"}]	[]	journal replay-report	-
yai.projection.summary	projection summary	plumbing	inspection	read_only	plain_compat	[]	[{"aliases": [], "choices": [], "legacy_name": null, "name": "--journal", "repeatable": false, "required": true, "value_name": "FILE"}]	[]	projection summary	-
yai.projection.inspect	projection inspect	plumbing	inspection	read_only	plain_compat	[]	[{"aliases": [], "choices": [], "legacy_name": null, "name": "--journal", "repeatable": false, "required": true, "value_name": "FILE"}, {"aliases": [], "choices": [], "legacy_name": null, "name": "--consumer", "repeatable": false, "required": false, "value_name": "CONSUMER"}]	[]	projection inspect	-
yai.projection.request	projection request	plumbing	inspection	read_only	plain_compat	[]	[{"aliases": [], "choices": [], "legacy_name": null, "name": "--journal", "repeatable": false, "required": true, "value_name": "FILE"}, {"aliases": [], "choices": [], "legacy_name": null, "name": "--consumer", "repeatable": false, "required": true, "value_name": "CONSUMER"}, {"aliases": [], "choices": [], "legacy_name": null, "name": "--kind", "repeatable": false, "required": true, "value_name": "KIND"}]	[]	projection request	-
yai.context.inspect	context inspect	plumbing	inspection	read_only	plain_compat	[]	[{"aliases": ["--projection", "--frame"], "choices": [], "legacy_name": "--id", "name": "--id", "repeatable": false, "required": true, "value_name": "ID"}]	[]	context inspect	-
yai.control.summary	control summary	plumbing	inspection	read_only	plain_compat	[]	[{"aliases": [], "choices": [], "legacy_name": null, "name": "--journal", "repeatable": false, "required": true, "value_name": "FILE"}]	[]	control summary	-
yai.decision.inspect	decision inspect	plumbing	inspection	read_only	plain_compat	[]	[{"aliases": [], "choices": [], "legacy_name": null, "name": "--journal", "repeatable": false, "required": true, "value_name": "FILE"}]	[]	decision inspect	-
yai.receipt.summary	receipt summary	plumbing	inspection	read_only	plain_compat	[]	[{"aliases": [], "choices": [], "legacy_name": null, "name": "--journal", "repeatable": false, "required": true, "value_name": "FILE"}]	[]	receipt summary	-
yai.reconcile.summary	reconcile summary	plumbing	inspection	read_only	plain_compat	[]	[{"aliases": [], "choices": [], "legacy_name": null, "name": "--journal", "repeatable": false, "required": true, "value_name": "FILE"}]	[]	reconcile summary	-
yai.query.summary	query summary	plumbing	inspection	read_only	plain_compat	[]	[{"aliases": [], "choices": [], "legacy_name": null, "name": "--journal", "repeatable": false, "required": true, "value_name": "FILE"}]	[]	query summary	-
yai.query.records	query records	plumbing	inspection	read_only	plain_compat	[]	[{"aliases": [], "choices": [], "legacy_name": null, "name": "--journal", "repeatable": false, "required": true, "value_name": "FILE"}, {"aliases": [], "choices": [], "legacy_name": null, "name": "--kind", "repeatable": false, "required": false, "value_name": "KIND"}, {"aliases": [], "choices": [], "legacy_name": null, "name": "--case", "repeatable": false, "required": false, "value_name": "CASE"}, {"aliases": [], "choices": [], "legacy_name": null, "name": "--limit", "repeatable": false, "required": false, "value_name": "N"}]	[]	query records	-
yai.engine.summary	engine summary	plumbing	inspection	read_only	plain_compat	[]	[{"aliases": [], "choices": [], "legacy_name": null, "name": "--journal", "repeatable": false, "required": true, "value_name": "FILE"}]	[]	engine summary	-
yai.hot.status	hot status	compatibility	compatibility	read_only	plain_compat	[]	[]	[]	hot status	-
yai.process.observe	process observe	plumbing	inspection	read_only	plain_compat	[]	[{"aliases": [], "choices": [], "legacy_name": null, "name": "--pid", "repeatable": false, "required": true, "value_name": "PID"}]	[]	process observe	-
yai.process.signal	process signal	plumbing	local_domain	mutating	plain_compat	[]	[{"aliases": [], "choices": [], "legacy_name": null, "name": "--pid", "repeatable": false, "required": true, "value_name": "PID"}, {"aliases": [], "choices": ["TERM", "KILL"], "legacy_name": null, "name": "--signal", "repeatable": false, "required": true, "value_name": "VALUE"}, {"aliases": [], "choices": [], "legacy_name": null, "name": "--dry-run", "repeatable": false, "required": false, "value_name": null}]	[]	process signal	-
yai.observe.compare_process	observe compare-process	plumbing	inspection	read_only	plain_compat	[]	[{"aliases": [], "choices": [], "legacy_name": null, "name": "--pid", "repeatable": false, "required": true, "value_name": "PID"}, {"aliases": [], "choices": ["running", "stopped"], "legacy_name": null, "name": "--expected", "repeatable": false, "required": true, "value_name": "VALUE"}]	[]	observe compare-process	-
yai.carrier.fs_read	carrier fs-read	plumbing	local_domain	read_only	plain_compat	[]	[{"aliases": [], "choices": [], "legacy_name": null, "name": "--sandbox", "repeatable": false, "required": true, "value_name": "DIR"}, {"aliases": [], "choices": [], "legacy_name": null, "name": "--path", "repeatable": false, "required": true, "value_name": "PATH"}]	[]	carrier fs-read	-
yai.graph.summary	graph summary	plumbing	inspection	read_only	plain_compat	[]	[{"aliases": [], "choices": [], "legacy_name": null, "name": "--journal", "repeatable": false, "required": true, "value_name": "FILE"}]	[]	graph summary	-
yai.graph.schema	graph schema	plumbing	inspection	read_only	plain_compat	[]	[]	[]	graph schema	-
yai.graph.runtime_status	graph runtime-status	plumbing	inspection	read_only	plain_compat	[]	[]	[]	graph runtime-status	-
yai.graph.materialize	graph materialize	plumbing	inspection	mutating	plain_compat	[]	[{"aliases": [], "choices": [], "legacy_name": null, "name": "--case", "repeatable": false, "required": true, "value_name": "CASE"}]	[]	graph materialize	-
yai.graph.relations	graph relations	plumbing	inspection	read_only	plain_compat	[]	[{"aliases": [], "choices": [], "legacy_name": null, "name": "--case", "repeatable": false, "required": true, "value_name": "CASE"}, {"aliases": [], "choices": [], "legacy_name": null, "name": "--limit", "repeatable": false, "required": false, "value_name": "N"}]	[]	graph relations	-
yai.graph.runtime_load	graph runtime-load	plumbing	inspection	read_only	plain_compat	[]	[{"aliases": [], "choices": [], "legacy_name": null, "name": "--case", "repeatable": false, "required": true, "value_name": "CASE"}]	[]	graph runtime-load	-
yai.graph.runtime_summary	graph runtime-summary	plumbing	inspection	read_only	plain_compat	[]	[{"aliases": [], "choices": [], "legacy_name": null, "name": "--case", "repeatable": false, "required": true, "value_name": "CASE"}]	[]	graph runtime-summary	-
yai.graph.rebuild	graph rebuild	plumbing	inspection	mutating	plain_compat	[]	[{"aliases": [], "choices": [], "legacy_name": null, "name": "--case", "repeatable": false, "required": true, "value_name": "CASE"}, {"aliases": [], "choices": ["graph-relations", "journal"], "legacy_name": null, "name": "--from", "repeatable": false, "required": true, "value_name": "VALUE"}, {"aliases": [], "choices": [], "legacy_name": null, "name": "--path", "repeatable": false, "required": false, "value_name": "FILE"}]	[]	graph rebuild	-
yai.graph.rebuild_report	graph rebuild-report	plumbing	inspection	read_only	plain_compat	[]	[{"aliases": [], "choices": [], "legacy_name": null, "name": "--case", "repeatable": false, "required": true, "value_name": "CASE"}]	[]	graph rebuild-report	-
yai.graph.fanout	graph fanout	plumbing	inspection	read_only	plain_compat	[]	[{"aliases": [], "choices": [], "legacy_name": null, "name": "--case", "repeatable": false, "required": true, "value_name": "CASE"}, {"aliases": [], "choices": [], "legacy_name": null, "name": "--node", "repeatable": false, "required": true, "value_name": "NODE"}, {"aliases": [], "choices": [], "legacy_name": null, "name": "--edge-kind", "repeatable": false, "required": false, "value_name": "KIND"}, {"aliases": [], "choices": [], "legacy_name": null, "name": "--limit", "repeatable": false, "required": false, "value_name": "N"}]	[]	graph fanout	-
yai.graph.fanin	graph fanin	plumbing	inspection	read_only	plain_compat	[]	[{"aliases": [], "choices": [], "legacy_name": null, "name": "--case", "repeatable": false, "required": true, "value_name": "CASE"}, {"aliases": [], "choices": [], "legacy_name": null, "name": "--node", "repeatable": false, "required": true, "value_name": "NODE"}, {"aliases": [], "choices": [], "legacy_name": null, "name": "--edge-kind", "repeatable": false, "required": false, "value_name": "KIND"}, {"aliases": [], "choices": [], "legacy_name": null, "name": "--limit", "repeatable": false, "required": false, "value_name": "N"}]	[]	graph fanin	-
yai.graph.neighborhood	graph neighborhood	plumbing	inspection	read_only	plain_compat	[]	[{"aliases": [], "choices": [], "legacy_name": null, "name": "--case", "repeatable": false, "required": true, "value_name": "CASE"}, {"aliases": [], "choices": [], "legacy_name": null, "name": "--node", "repeatable": false, "required": true, "value_name": "NODE"}, {"aliases": [], "choices": ["1", "2"], "legacy_name": null, "name": "--depth", "repeatable": false, "required": false, "value_name": "VALUE"}, {"aliases": [], "choices": [], "legacy_name": null, "name": "--limit", "repeatable": false, "required": false, "value_name": "N"}]	[]	graph neighborhood	-
yai.graph.path	graph path	plumbing	inspection	read_only	plain_compat	[]	[{"aliases": [], "choices": [], "legacy_name": null, "name": "--case", "repeatable": false, "required": true, "value_name": "CASE"}, {"aliases": [], "choices": [], "legacy_name": null, "name": "--from", "repeatable": false, "required": true, "value_name": "NODE"}, {"aliases": [], "choices": [], "legacy_name": null, "name": "--to", "repeatable": false, "required": true, "value_name": "NODE"}, {"aliases": [], "choices": [], "legacy_name": null, "name": "--max-depth", "repeatable": false, "required": false, "value_name": "N"}]	[]	graph path	-
yai.facts.status	facts status	plumbing	inspection	read_only	plain_compat	[]	[]	[]	facts status	-
yai.facts.schema	facts schema	plumbing	inspection	read_only	plain_compat	[]	[]	[]	facts schema	-
yai.facts.init	facts init	plumbing	inspection	mutating	plain_compat	[]	[]	[]	facts init	-
yai.facts.extract	facts extract	plumbing	inspection	mutating	plain_compat	[]	[{"aliases": [], "choices": [], "legacy_name": null, "name": "--case", "repeatable": false, "required": true, "value_name": "CASE"}, {"aliases": [], "choices": ["receipt", "decision", "projection", "model_behavior", "policy_outcome", "carrier_outcome", "divergence", "memory_quality", "core", "behavior", "operational", "all"], "legacy_name": null, "name": "--kind", "repeatable": false, "required": true, "value_name": "VALUE"}]	[]	facts extract	-
yai.facts.summary	facts summary	plumbing	inspection	read_only	plain_compat	[]	[{"aliases": [], "choices": [], "legacy_name": null, "name": "--case", "repeatable": false, "required": true, "value_name": "CASE"}]	[]	facts summary	-
yai.facts.report	facts report	plumbing	inspection	read_only	plain_compat	[]	[{"aliases": [], "choices": [], "legacy_name": null, "name": "--case", "repeatable": false, "required": true, "value_name": "CASE"}, {"aliases": [], "choices": ["receipts", "decisions", "projections", "policy", "carriers", "divergence", "memory", "model"], "legacy_name": null, "name": "--section", "repeatable": false, "required": false, "value_name": "VALUE"}, {"aliases": [], "choices": ["plain"], "legacy_name": null, "name": "--format", "repeatable": false, "required": false, "value_name": "VALUE"}]	[]	facts report	-
yai.memory.summary	memory summary	compatibility	compatibility	read_only	plain_compat	[]	[{"aliases": [], "choices": [], "legacy_name": null, "name": "--journal", "repeatable": false, "required": true, "value_name": "FILE"}]	[]	memory summary	-
yai.memory.rebuild	memory rebuild	plumbing	inspection	mutating	plain_compat	[]	[{"aliases": [], "choices": [], "legacy_name": null, "name": "--case", "repeatable": false, "required": true, "value_name": "CASE"}, {"aliases": [], "choices": [], "legacy_name": null, "name": "--dry-run", "repeatable": false, "required": false, "value_name": null}]	[]	memory rebuild	-
yai.memory.clear	memory clear	plumbing	inspection	mutating	plain_compat	[]	[{"aliases": [], "choices": [], "legacy_name": null, "name": "--case", "repeatable": false, "required": true, "value_name": "CASE"}]	[]	memory clear	-
yai.memory.list	memory list	plumbing	inspection	read_only	plain_compat	[]	[{"aliases": [], "choices": [], "legacy_name": null, "name": "--case", "repeatable": false, "required": true, "value_name": "CASE"}, {"aliases": [], "choices": [], "legacy_name": null, "name": "--include-superseded", "repeatable": false, "required": false, "value_name": null}, {"aliases": [], "choices": [], "legacy_name": null, "name": "--limit", "repeatable": false, "required": false, "value_name": "N"}]	[]	memory list	-
yai.memory.show	memory show	plumbing	inspection	read_only	plain_compat	[{"choices": [], "legacy_flag": null, "name": "memory", "required": true}]	[]	[]	memory show	-
yai.memory.provenance	memory provenance	plumbing	inspection	read_only	plain_compat	[{"choices": [], "legacy_flag": null, "name": "memory", "required": true}]	[]	[]	memory provenance	-
yai.memory.retrieve	memory retrieve	plumbing	inspection	read_only	plain_compat	[]	[{"aliases": [], "choices": [], "legacy_name": null, "name": "--case", "repeatable": false, "required": true, "value_name": "CASE"}, {"aliases": [], "choices": [], "legacy_name": null, "name": "--participant", "repeatable": false, "required": true, "value_name": "PARTICIPANT"}, {"aliases": [], "choices": ["conversation", "filesystem_write_proposal", "effect_consequence", "inspection"], "legacy_name": null, "name": "--purpose", "repeatable": false, "required": true, "value_name": "VALUE"}, {"aliases": [], "choices": [], "legacy_name": null, "name": "--resource", "repeatable": false, "required": false, "value_name": "RESOURCE"}, {"aliases": [], "choices": [], "legacy_name": null, "name": "--kind", "repeatable": false, "required": false, "value_name": "KIND"}, {"aliases": [], "choices": [], "legacy_name": null, "name": "--causal-ref", "repeatable": false, "required": false, "value_name": "REF"}, {"aliases": [], "choices": [], "legacy_name": null, "name": "--include-superseded", "repeatable": false, "required": false, "value_name": null}, {"aliases": [], "choices": [], "legacy_name": null, "name": "--limit", "repeatable": false, "required": false, "value_name": "N"}]	[]	memory retrieve	-
yai.daemon.status	daemon status	compatibility	compatibility	read_only	plain_compat	[]	[{"aliases": [], "choices": [], "legacy_name": null, "name": "--socket", "repeatable": false, "required": true, "value_name": "SOCKET"}]	[]	daemon status	-
yai.daemon.info	daemon info	compatibility	compatibility	read_only	plain_compat	[]	[{"aliases": [], "choices": [], "legacy_name": null, "name": "--socket", "repeatable": false, "required": true, "value_name": "SOCKET"}]	[]	daemon info	-
yai.daemon.shutdown	daemon shutdown	compatibility	compatibility	mutating	plain_compat	[]	[{"aliases": [], "choices": [], "legacy_name": null, "name": "--socket", "repeatable": false, "required": true, "value_name": "SOCKET"}]	[]	daemon shutdown	-
yai.daemon.run_minimum_loop	daemon run-minimum-loop	compatibility	compatibility	mutating	plain_compat	[]	[{"aliases": [], "choices": [], "legacy_name": null, "name": "--socket", "repeatable": false, "required": true, "value_name": "SOCKET"}]	[]	daemon run-minimum-loop	-
yai.daemon.run_filesystem_loop	daemon run-filesystem-loop	compatibility	compatibility	mutating	plain_compat	[]	[{"aliases": [], "choices": [], "legacy_name": null, "name": "--socket", "repeatable": false, "required": true, "value_name": "SOCKET"}]	[]	daemon run-filesystem-loop	-
yai.daemon.journal_summary	daemon journal-summary	compatibility	compatibility	read_only	plain_compat	[]	[{"aliases": [], "choices": [], "legacy_name": null, "name": "--socket", "repeatable": false, "required": true, "value_name": "SOCKET"}, {"aliases": [], "choices": [], "legacy_name": null, "name": "--journal", "repeatable": false, "required": true, "value_name": "FILE"}]	[]	daemon journal-summary	-
yai.daemon.projection_summary	daemon projection-summary	compatibility	compatibility	read_only	plain_compat	[]	[{"aliases": [], "choices": [], "legacy_name": null, "name": "--socket", "repeatable": false, "required": true, "value_name": "SOCKET"}, {"aliases": [], "choices": [], "legacy_name": null, "name": "--journal", "repeatable": false, "required": true, "value_name": "FILE"}]	[]	daemon projection-summary	-
yai.removed.observe_process	observe process	removed	compatibility	read_only	plain_compat	[]	[{"aliases": [], "choices": [], "legacy_name": null, "name": "--pid", "repeatable": false, "required": true, "value_name": "PID"}]	[]	-	process observe
